INSERT INTO SEXO (DESCRICAO) VALUES
  ('Masculino'),
  ('Feminino'),
  ('Indefinido');

INSERT INTO ESTADO (NOME, SIGLA) VALUES
  ('São Paulo', 'SP'),
  ('Rio de Janeiro', 'RJ'),
  ('Rondônia', 'RO');

INSERT INTO CIDADE (NOME, ID_ESTADO) VALUES
  ('São Paulo', 1),
  ('Rio de Janeiro', 2),
  ('Porto Velho', 3);

INSERT INTO BAIRRO (NOME, ID_CIDADE) VALUES
  ('Bela Vista', 1),
  ('Jardim', 2),
  ('Centro', 3);

INSERT INTO ENDERECO (RUA, NUMERO, ID_BAIRRO, CEP) VALUES
  ('Av. Paulista', '1000', 1, '01310-000'),
  ('Rua das Flores', '123', 2, '13000-000'),
  ('Av. Farquar', '456', 3, '78900-000');

INSERT INTO ESPECIE (NOME) VALUES
  ('Canino'),
  ('Felino');

INSERT INTO CLASSE (ID_ESPECIE, NOME) VALUES
  (1, 'Labrador'),
  (2, 'Persa');

INSERT INTO PROGRAMA_FIDELIDADE (NOME, DESCRICAO, DATA_INICIO, DATA_FIM) VALUES
  ('Clube MeuPET', 'Programa de fidelidade para clientes frequentes', '2024-01-01', '2025-12-31');

INSERT INTO NIVEL_FIDELIDADE (ID_PROGRAMA, NOME, PONTOS_MINIMOS, PONTOS_MAXIMOS, MULTIPLICADOR_PONTOS) VALUES
  (1, 'Prata', 0, 999, 1.00),
  (1, 'Ouro', 1000, 4999, 1.25);

INSERT INTO BENEFICIO (ID_NIVEL, TIPO, VALOR_DESCONTO, DESCRICAO) VALUES
  (1, 'Desconto', 10.00, '10% de desconto em produtos selecionados'),
  (2, 'Desconto', 15.00, '15% de desconto em serviços veterinários');

INSERT INTO PESSOA (NOME, DATA_NASCIMENTO, ID_SEXO, ID_ENDERECO, EMAIL, CPF, TELEFONE) VALUES
  ('João Silva', '1985-07-15', 1, 1, 'joao.silva@example.com', 12345678901, 11999990000),
  ('Maria Oliveira', '1990-02-20', 2, 2, 'maria.oliveira@example.com', 10987654321, 11988880000);

INSERT INTO FUNCIONARIO (ID_PESSOA, SALARIO, DATA_ADMISSAO) VALUES
  (1, 2500.00, '2020-01-10'),
  (2, 3200.50, '2021-05-03');

INSERT INTO ATENDENTE (ID_FUNCIONARIO, QTD_ATENDIMENTOS) VALUES
  (1, 150),
  (2, 200);

INSERT INTO VETERINARIO (ID_FUNCIONARIO, ESPECIALIDADE, CRMV) VALUES
  (2, 'Dermatologia', 'CRMV-12345');

INSERT INTO CLIENTE (ID_PESSOA, ID_ENDERECO, ID_PROGRAMA) VALUES
  (1, 1, 1),
  (2, 2, 1);

INSERT INTO ANIMAL (ID_SEXO, ID_CLASSE, ID_CLIENTE, NOME, DATA_NASCIMENTO, PESO) VALUES
  (1, 1, 1, 'Rex', '2018-11-05', 25.5),
  (2, 2, 2, 'Mia', '2020-03-22', 4.3);

INSERT INTO ATENDIMENTO (ID_ATENDENTE, ID_VETERINARIO, ID_ANIMAL, TIPO_ATENDIMENTO, VALOR, DATA_ATENDIMENTO, TEXTO_CONSULTA) VALUES
  (1, 1, 1, 'Consulta de rotina', 120.00, '2024-03-01', 'Vacinação em dia, sem anormalidades'),
  (2, 1, 2, 'Cirurgia', 800.00, '2024-03-05', 'Retirada de tumor benigno');

INSERT INTO PEDIDO (ID_CLIENTE, ID_ATENDENTE, DATA_PEDIDO, STATUS) VALUES
  (1, 1, '2024-03-10', 'Em aberto'),
  (2, 2, '2024-03-12', 'Confirmado');

INSERT INTO PRODUTO (NOME, MARCA, PRECO, ESTOQUE) VALUES
  ('Ração SuperPet', 'SuperPet', 89.90, 30),
  ('Antipulgas X', 'PetCare', 45.00, 50);

INSERT INTO PRODUTO_PEDIDO (ID_PEDIDO, ID_PRODUTO, QUANTIDADE, VALOR_TOTAL) VALUES
  (1, 1, 2, 179.80),
  (2, 2, 1, 45.00);

INSERT INTO NOTA_FISCAL (ID_PRODUTO_PEDIDO, DATA_EMISSAO, NUMERO_SERIE) VALUES
  (1, '2024-03-10', 'NF001'),
  (2, '2024-03-12', 'NF002');

INSERT INTO PONTOS_TRANSACAO (ID_CLIENTE, ID_PEDIDO, ID_ATENDIMENTO, PONTOS_GANHOS, DATA_TRANSACAO, TIPO_ORIGEM) VALUES
  (1, 1, 1, 120, '2024-03-01', 'Atendimento'),
  (2, 2, 2, 45, '2024-03-12', 'Pedido');

INSERT INTO RESGATE_BENEFICIO (ID_CLIENTE, ID_BENEFICIO, DATA_RESGATE, STATUS) VALUES
  (1, 1, '2024-04-01', 'Concluído');

INSERT INTO AVALIACAO_DESEMPENHO (ID_FUNCIONARIO, MES, ANO, ATENDIMENTOS_MES, SATISFACAO_MEDIA, PONTUALIDADE, PONTUACAO_TOTAL, OBSERVACOES) VALUES
  (1, 3, 2024, 45, 4.80, 4.90, 90, 'Bom desempenho geral'),
  (2, 3, 2024, 50, 4.70, 4.80, 88, 'Atendimento consistente');

INSERT INTO BONUS_MENSAL (ID_AVALIACAO, VALOR_BONUS, DATA_PAGAMENTO, STATUS) VALUES
  (1, 300.00, '2024-04-05', 'Pago'),
  (2, 340.00, '2024-04-05', 'Pago');

